hazelnut	Hazelnut	fruit	Fruits-360	https://raw.githubusercontent.com/fruits-360/fruits-360-100x100/main/Training/Hazelnut%201/0_100.jpg
japanese_persimmon	Japanese Persimmon	fruit	Fruits-360	https://raw.githubusercontent.com/fruits-360/fruits-360-100x100/main/Training/Kaki%201/100_100.jpg
kiwi	Kiwi	fruit	Fruits-360	https://raw.githubusercontent.com/fruits-360/fruits-360-100x100/main/Training/Kiwi%201/0_100.jpg
kiwifruit	Kiwifruit	fruit	Fruits-360	https://raw.githubusercontent.com/fruits-360/fruits-360-100x100/main/Training/Kiwi%201/0_100.jpg
lemon	Lemon	fruit	Fruits-360	https://raw.githubusercontent.com/fruits-360/fruits-360-100x100/main/Training/Lemon%201/0_100.jpg
lychee	Lychee	fruit	Fruits-360	https://raw.githubusercontent.com/fruits-360/fruits-360-100x100/main/Training/Lychee%201/0_100.jpg
mango	Mango	fruit	Fruits-360	https://raw.githubusercontent.com/fruits-360/fruits-360-100x100/main/Training/Mango%201/100_100.jpg
mangosteen	Mangosteen	fruit	Fruits-360	https://raw.githubusercontent.com/fruits-360/fruits-360-100x100/main/Training/Mangostan%201/0_100.jpg
melon	Melon	fruit	Fruits-360	https://raw.githubusercontent.com/fruits-360/fruits-360-100x100/main/Training/Melon%20Piel%20de%20Sapo%201/100_100.jpg
morus	Morus	fruit	Fruits-360	https://raw.githubusercontent.com/fruits-360/fruits-360-100x100/main/Training/Mulberry%201/0_100.jpg
orange	Orange	fruit	Fruits-360	https://raw.githubusercontent.com/fruits-360/fruits-360-100x100/main/Training/Orange%201/0_100.jpg
papaya	Papaya	fruit	Fruits-360	https://raw.githubusercontent.com/fruits-360/fruits-360-100x100/main/Training/Papaya%201/0_100.jpg
passionfruit	Passionfruit	fruit	Fruits-360	https://raw.githubusercontent.com/fruits-360/fruits-360-100x100/main/Training/Passion%20Fruit%201/0_100.jpg
peach	Peach	fruit	Fruits-360	https://raw.githubusercontent.com/fruits-360/fruits-360-100x100/main/Training/Peach%201/0_100.jpg
pear	Pear	fruit	Fruits-360	https://raw.githubusercontent.com/fruits-360/fruits-360-100x100/main/Training/Pear%201/0_100.jpg
persimmon	Persimmon	fruit	Fruits-360	https://raw.githubusercontent.com/fruits-360/fruits-360-100x100/main/Training/Kaki%201/100_100.jpg
pineapple	Pineapple	fruit	Fruits-360	https://raw.githubusercontent.com/fruits-360/fruits-360-100x100/main/Training/Pineapple%201/0_100.jpg
pitahaya	Pitahaya	fruit	Fruits-360	https://raw.githubusercontent.com/fruits-360/fruits-360-100x100/main/Training/Pitahaya%20Red%201/100_100.jpg
plum	Plum	fruit	Fruits-360	https://raw.githubusercontent.com/fruits-360/fruits-360-100x100/main/Training/Plum%201/0_100.jpg
pomegranate	Pomegranate	fruit	Fruits-360	https://raw.githubusercontent.com/fruits-360/fruits-360-100x100/main/Training/Pomegranate%201/0_100.jpg
pomelo	Pomelo	fruit	Fruits-360	https://raw.githubusercontent.com/fruits-360/fruits-360-100x100/main/Training/Pomelo%20Sweetie%201/0_100.jpg
raspberry	Raspberry	fruit	Fruits-360	https://raw.githubusercontent.com/fruits-360/fruits-360-100x100/main/Training/Raspberry%201/0_100.jpg
strawberry	Strawberry	fruit	Fruits-360	https://raw.githubusercontent.com/fruits-360/fruits-360-100x100/main/Training/Strawberry%201/0_100.jpg
tangerine	Tangerine	fruit	Fruits-360	https://raw.githubusercontent.com/fruits-360/fruits-360-100x100/main/Training/Mandarine%201/0_100.jpg
tomato	Tomato	fruit	Fruits-360	https://raw.githubusercontent.com/fruits-360/fruits-360-100x100/main/Training/Tomato%201/0_100.jpg
watermelon	Watermelon	fruit	Fruits-360	https://raw.githubusercontent.com/fruits-360/fruits-360-100x100/main/Training/Watermelon%201/0_100.jpg
aubergine	Aubergine	vegetable	Fruits-360	https://raw.githubusercontent.com/fruits-360/fruits-360-100x100/main/Training/Eggplant%201/0_100.jpg
carrot	Carrot	vegetable	Fruits-360	https://raw.githubusercontent.com/fruits-360/fruits-360-100x100/main/Training/Carrot%201/r0_0_100.jpg
cauliflower	Cauliflower	vegetable	Fruits-360	https://raw.githubusercontent.com/fruits-360/fruits-360-100x100/main/Training/Cauliflower%201/0_100.jpg
corn	Corn	vegetable	Fruits-360	https://raw.githubusercontent.com/fruits-360/fruits-360-100x100/main/Training/Corn%201/0_100.jpg
cucumber	Cucumber	vegetable	Fruits-360	https://raw.githubusercontent.com/fruits-360/fruits-360-100x100/main/Training/Cucumber%201/r0_0_100.jpg
ginger	Ginger	vegetable	Fruits-360	https://raw.githubusercontent.com/fruits-360/fruits-360-100x100/main/Training/Ginger%20Root%201/100_100.jpg
onion	Onion	vegetable	Fruits-360	https://raw.githubusercontent.com/fruits-360/fruits-360-100x100/main/Training/Onion%202/r0_0_100.jpg
potato	Potato	vegetable	Fruits-360	https://raw.githubusercontent.com/fruits-360/fruits-360-100x100/main/Training/Potato%20Red%201/0_100.jpg
sweet_potato	Sweet Potato	vegetable	Fruits-360	https://raw.githubusercontent.com/fruits-360/fruits-360-100x100/main/Training/Potato%20Sweet%201/0_100.jpg
zucchini	Zucchini	vegetable	Fruits-360	https://raw.githubusercontent.com/fruits-360/fruits-360-100x100/main/Training/Zucchini%201/r0_0_100.jpg
horned_melon	Horned Melon	fruit	Openverse	cc0	https://www.flickr.com/photos/40632439@N00/16117031047	Horned melon
jackfruit	Jackfruit	fruit	Openverse	by-sa	https://www.flickr.com/photos/33037982@N04/4368284156	Very strange fruit (Bread Fruit)
lime	Lime	fruit	Openverse	cc0	https://www.flickr.com/photos/62295966@N07/14860153811	Lime fruit: Spider mites feeding injury
lingonberry	Lingonberry	fruit	Openverse	by	https://www.flickr.com/photos/46563758@N04/14945923753	Finnish lingonberry 4 Eur/L
pumpkin	Pumpkin	fruit	Openverse	by	https://commons.wikimedia.org/w/index.php?curid=126476762	Seminole pumpkin fruit
artichoke	Artichoke	vegetable	Openverse	cc0	https://www.rawpixel.com/image/6041616/photo-image-public-domain-plant-food	Artichoke vegetable, edible plant
asparagus	Asparagus	vegetable	Openverse	cc0	https://stocksnap.io/photo/asparagus-vegetables-DT9B5R5R19	Asparagus Vegetables
broccoli	Broccoli	vegetable	Openverse	by	https://www.flickr.com/photos/159630537@N08/42989022392	Green Broccoli Vegetable on Brown Wooden Table - Credit to http://homedust.com/
brussels_sprout	Brussels Sprout	vegetable	Openverse	by	https://www.flickr.com/photos/8489692@N03/15409988390	roasted brussel sprouts.....#vegetable #brusselsprouts
cabbage	Cabbage	vegetable	Openverse	cc0	https://www.rawpixel.com/image/6018823/cabbage-vegetable-free-public-domain-cc0-photo	Cabbage vegetable
celery	Celery	vegetable	Openverse	by-sa	https://www.flickr.com/photos/34067077@N00/2488644619	Vegetables
garlic	Garlic	vegetable	Openverse	cc0	https://stocksnap.io/photo/garlic-vegetable-HBFUJ9FCTZ	Garlic Vegetable
kale	Kale	vegetable	Openverse	cc0	https://stocksnap.io/photo/kale-vegetables-D2AF587E86	Kale Vegetables
leek	Leek	vegetable	Openverse	cc0	https://www.rawpixel.com/image/6763143/png-sticker-public-domain	Leek vegetables png sticker, transparent
lettuce	Lettuce	vegetable	Openverse	by	https://www.flickr.com/photos/62558987@N07/51345834751	Adams Acres - Microgreens, Head lettuce, Vegetables
mushroom	Mushroom	vegetable	Openverse	cc0	https://stocksnap.io/photo/mushrooms-vegetables-J6O7SG69BZ	Mushrooms Vegetables
parsnip	Parsnip	vegetable	Openverse	by-sa	https://www.flickr.com/photos/82439748@N00/558723935	Root vegetables
peas	Peas	vegetable	Openverse	by-sa	https://www.flickr.com/photos/92766653@N07/8807703692	Asian Flat Iron Steak, Wasabi Mashed Potatoes, Sugar Snap Pea Vegetable Blend
radish	Radish	vegetable	Openverse	cc0	https://stocksnap.io/photo/radish-vegetables-AYSFS91ZMX	Radish Vegetables
spinach	Spinach	vegetable	Openverse	by	https://www.flickr.com/photos/92269745@N00/6928717092	Vegetable Plate
artichoke	Artichoke	vegetable	Openverse	by	https://www.flickr.com/photos/53133240@N00/5864606460	artichokes
cabbage	Cabbage	vegetable	Openverse	by-sa	https://commons.wikimedia.org/w/index.php?curid=129063209	Cabbage vegetables
